prompt,completion
What is AWS Lambda?,AWS Lambda is a serverless computing service that allows you to run code without provisioning or managing servers. Use-case: Real-time image processing for image-based applications.
How does Amazon S3 (Simple Storage Service) work?,Amazon S3 is object storage that allows you to store and retrieve any amount of data at any time. Use-case: Data backup and archival for disaster recovery.
What is Amazon EC2 (Elastic Compute Cloud)?,"Amazon EC2 is a web service that provides resizable compute capacity in the cloud, allowing you to run virtual servers known as instances. Use-case: Hosting scalable web applications."
Can you explain Amazon RDS (Relational Database Service)?,"Amazon RDS is a managed database service that simplifies database administration, scaling, and backups for various database engines. Use-case: E-commerce application with MySQL backend."
What is AWS Glue used for?,"AWS Glue is a fully managed extract, transform, and load (ETL) service that makes it easy to prepare and load data for analytics. Use-case: Data integration and data warehousing."
How can Amazon Redshift enhance data warehousing?,Amazon Redshift is a fully managed data warehouse service that allows you to run complex analytical queries on large datasets at high performance and scale. Use-case: Business intelligence.
What is AWS IAM (Identity and Access Management)?,"AWS IAM is a service that enables you to manage access to AWS resources securely by creating users, groups, and defining permissions. Use-case: Access control for AWS resources."
How does AWS CloudFormation work?,"AWS CloudFormation enables you to create and manage AWS resources using templates, automating the provisioning process for infrastructure as code. Use-case: Infrastructure as Code (IaC)."
Can you explain AWS Elastic Beanstalk?,AWS Elastic Beanstalk is a platform as a service (PaaS) that allows developers to deploy and manage applications without worrying about infrastructure management. Use-case: Web app deployment.
What is Amazon VPC (Virtual Private Cloud)?,"Amazon VPC enables you to create a logically isolated section of the AWS cloud, providing complete control over your virtual networking environment. Use-case: Multi-tier web application."
How does AWS Step Functions facilitate serverless workflows?,AWS Step Functions coordinate distributed applications and microservices using visual workflows to build and execute serverless applications. Use-case: Order processing in e-commerce.
What is Amazon SageMaker used for?,"Amazon SageMaker is a fully managed service that enables developers to build, train, and deploy machine learning models at scale. Use-case: Predictive maintenance in manufacturing."
How can AWS Data Pipeline enhance data integration?,AWS Data Pipeline is a web service for orchestrating and automating the movement and transformation of data between different AWS services and on-premises data sources. Use-case: Data integration.
What is AWS Elastic Load Balancing?,"AWS Elastic Load Balancing automatically distributes incoming application traffic across multiple targets, ensuring high availability and fault tolerance. Use-case: Web app scalability."
Can you explain AWS Lambda Layers?,"AWS Lambda Layers allow you to manage in-context code libraries and share them across multiple Lambda functions, promoting code reuse and easier management. Use-case: Shared utility code."
How does Amazon DynamoDB ensure high availability?,Amazon DynamoDB is a fully managed NoSQL database that provides automatic scaling and built-in replication to ensure high availability and durability. Use-case: Real-time gaming leaderboard.
What is AWS CloudFront used for?,"AWS CloudFront is a content delivery network (CDN) that delivers data, videos, applications, and APIs globally with low latency and high transfer speeds. Use-case: Content distribution."
How can AWS Glue Crawlers simplify data cataloging?,"AWS Glue Crawlers automatically discover and catalog metadata from various data sources, making it easier to organize and search data for analytics. Use-case: Data lake cataloging."
What is Amazon Kinesis used for?,"Amazon Kinesis enables real-time processing of streaming data at scale, allowing you to analyze and respond to data quickly from various sources. Use-case: Real-time analytics."
How does AWS CodePipeline facilitate continuous delivery?,"AWS CodePipeline is a continuous integration and continuous delivery (CI/CD) service that automates the building, testing, and deployment of applications. Use-case: DevOps automation."
What is Amazon Aurora?,"Amazon Aurora is a high-performance, fully managed relational database engine that is compatible with MySQL and PostgreSQL. Use-case: Scalable and high-availability databases."
Can you explain AWS IoT Core?,"AWS IoT Core provides secure communication and management for Internet of Things (IoT) devices, enabling seamless integration with other AWS services. Use-case: IoT device management."
How can AWS Glue ETL jobs transform data?,"AWS Glue ETL jobs can read, transform, and write data between various data stores, enabling you to cleanse and prepare data for analytics and reporting. Use-case: Data preprocessing."
What is AWS Batch used for?,"AWS Batch enables you to run batch computing workloads on the AWS Cloud, automatically managing resources and scheduling tasks. Use-case: Batch data processing."
How does Amazon Polly work for text-to-speech?,"Amazon Polly is a service that turns text into lifelike speech, supporting multiple languages and a wide range of voice options. Use-case: Voice-enabled customer support."
What is AWS Key Management Service (KMS)?,AWS Key Management Service is a managed service that allows you to create and control the encryption keys used to secure your data. Use-case: Data encryption and compliance.
How can AWS IoT Analytics process IoT data?,"AWS IoT Analytics provides tools to cleanse, process, enrich, and store IoT data in a scalable and cost-effective manner for analytics and machine learning. Use-case: IoT data analysis."
What is AWS OpsWorks used for?,AWS OpsWorks is a configuration management service that enables you to automate server configuration and deployment of applications. Use-case: Application lifecycle management.
How does Amazon Comprehend analyze text?,"Amazon Comprehend is a natural language processing (NLP) service that can extract insights and relationships from text, including sentiment analysis and entity recognition. Use-case: Social media sentiment analysis."
What is AWS Elemental MediaLive?,AWS Elemental MediaLive is a live video encoding service that allows you to encode high-quality live video streams for delivery to viewers across the globe. Use-case: Live streaming events.
Can you explain AWS RoboMaker's development environment?,AWS RoboMaker development environment provides pre-configured ROS (Robot Operating System) tools for building and testing robotic applications. Use-case: Robot software development.
How can AWS Elastic Beanstalk auto-scale applications?,AWS Elastic Beanstalk can automatically scale the number of EC2 instances based on traffic or other custom metrics to maintain performance and cost efficiency. Use-case: Web app autoscaling.
What is AWS Elemental MediaPackage used for?,AWS Elemental MediaPackage allows you to prepare and protect live video streams for reliable and secure delivery to a broad range of devices. Use-case: Live video content delivery.
How does AWS Direct Connect enhance network connectivity?,"AWS Direct Connect provides a dedicated network connection between your on-premises data center and AWS, improving performance and reducing data transfer costs. Use-case: Hybrid cloud networking."
What is AWS CodeArtifact?,"AWS CodeArtifact is a fully managed artifact repository service that allows you to store, publish, and share software packages and dependencies. Use-case: Package management for development."
Can you explain AWS Elastic Transcoder?,AWS Elastic Transcoder is a media transcoding service that converts media files into different formats suitable for various devices and applications. Use-case: Media file conversion.
How can AWS Lambda@Edge extend serverless capabilities?,"AWS Lambda@Edge enables you to run Lambda functions at AWS edge locations, allowing you to customize and enhance content delivery with serverless code. Use-case: Edge computing for web apps."
What is Amazon Elastic MapReduce (EMR)?,Amazon EMR is a managed big data platform that enables you to process vast amounts of data using popular frameworks like Apache Spark and Hadoop. Use-case: Big data processing and analytics.
How does AWS Elemental MediaStore provide media storage?,"AWS Elemental MediaStore is an object storage service optimized for media, offering low latency and high throughput storage for media assets. Use-case: Media file storage and retrieval."
What is AWS IoT Greengrass used for?,"AWS IoT Greengrass extends cloud capabilities to IoT devices, enabling local execution of Lambda functions and messaging with the AWS Cloud. Use-case: Edge computing for IoT devices."
How can Amazon Comprehend Medical analyze healthcare data?,Amazon Comprehend Medical is a specialized version of Amazon Comprehend that can extract relevant medical information from unstructured texts like clinical notes. Use-case: Medical data analysis.
What is AWS Elemental MediaConvert used for in video processing?,"AWS Elemental MediaConvert is used for file-based video transcoding, supporting a wide range of formats, codecs, and customization options. Use-case: Video processing and conversion."
How can AWS DataBrew automate data preparation tasks?,"AWS DataBrew is a visual data preparation tool that helps clean, normalize, and transform data for analysis and machine learning. Use-case: Data cleaning and preparation."
What is Amazon CloudFront Lambda@Edge?,"Amazon CloudFront Lambda@Edge allows you to run Lambda functions in response to CloudFront events, enabling dynamic content customization at the edge. Use-case: Edge-based content personalization."
How does AWS Outposts extend AWS services to on-premises?,"AWS Outposts brings AWS infrastructure and services to your on-premises data center, providing a seamless hybrid cloud experience. Use-case: Hybrid cloud deployment."
What is AWS Amplify used for in web and mobile app development?,AWS Amplify is a development framework that simplifies building scalable and secure web and mobile applications with integrated backend services. Use-case: Mobile app development.
Can you explain Amazon Managed Streaming for Apache Kafka (MSK)?,"Amazon MSK is a fully managed Apache Kafka service, enabling you to build and run applications using real-time streaming data. Use-case: Real-time data processing with Kafka."
How can AWS WAF (Web Application Firewall) protect web apps?,"AWS WAF allows you to control access to your web applications and protect them from common web exploits and attacks, such as SQL injection and cross-site scripting. Use-case: Web app security."
What is AWS Elemental MediaPackage used for in live video?,AWS Elemental MediaPackage delivers live video streams to various devices with just-in-time packaging and encryption for secure and reliable distribution. Use-case: Live video streaming.
How does AWS Personalize enable personalized recommendations?,AWS Personalize uses machine learning algorithms to analyze user behavior and deliver personalized product and content recommendations. Use-case: Personalized product recommendations.
What is AWS PrivateLink?,"AWS PrivateLink enables private connectivity between VPCs and AWS services, removing the need for public IPs and traversing the internet. Use-case: Private and secure data access."
Can you explain AWS Security Hub?,"AWS Security Hub provides a comprehensive view of your security posture, aggregating and prioritizing security findings from various AWS services. Use-case: Cloud security monitoring."
How can AWS Transfer Family simplify file transfer?,"AWS Transfer Family enables secure and scalable file transfer into and out of Amazon S3 using SFTP, FTPS, and FTP protocols. Use-case: Secure file transfer to AWS S3."
What is Amazon Managed Blockchain used for?,Amazon Managed Blockchain allows you to create and manage scalable blockchain networks using popular frameworks like Hyperledger Fabric. Use-case: Blockchain-based applications.
How does Amazon Polly work for text-to-speech?,"Amazon Polly is a service that turns text into lifelike speech, supporting multiple languages and a wide range of voice options. Use-case: Voice-enabled customer support."
What is AWS Key Management Service (KMS)?,AWS Key Management Service is a managed service that allows you to create and control the encryption keys used to secure your data. Use-case: Data encryption and compliance.
How can AWS IoT Analytics process IoT data?,"AWS IoT Analytics provides tools to cleanse, process, enrich, and store IoT data in a scalable and cost-effective manner for analytics and machine learning. Use-case: IoT data analysis."
What is AWS OpsWorks used for?,AWS OpsWorks is a configuration management service that enables you to automate server configuration and deployment of applications. Use-case: Application lifecycle management.
How does Amazon Comprehend analyze text?,"Amazon Comprehend is a natural language processing (NLP) service that can extract insights and relationships from text, including sentiment analysis and entity recognition. Use-case: Social media sentiment analysis."
What is AWS Elemental MediaLive?,AWS Elemental MediaLive is a live video encoding service that allows you to encode high-quality live video streams for delivery to viewers across the globe. Use-case: Live streaming events.
Can you explain AWS RoboMaker's development environment?,AWS RoboMaker development environment provides pre-configured ROS (Robot Operating System) tools for building and testing robotic applications. Use-case: Robot software development.
How can AWS Elastic Beanstalk auto-scale applications?,AWS Elastic Beanstalk can automatically scale the number of EC2 instances based on traffic or other custom metrics to maintain performance and cost efficiency. Use-case: Web app autoscaling.
What is AWS Elemental MediaPackage used for?,AWS Elemental MediaPackage allows you to prepare and protect live video streams for reliable and secure delivery to a broad range of devices. Use-case: Live video content delivery.
How does AWS Direct Connect enhance network connectivity?,"AWS Direct Connect provides a dedicated network connection between your on-premises data center and AWS, improving performance and reducing data transfer costs. Use-case: Hybrid cloud networking."
What is AWS CodeArtifact?,"AWS CodeArtifact is a fully managed artifact repository service that allows you to store, publish, and share software packages and dependencies. Use-case: Package management for development."
Can you explain AWS Elastic Transcoder?,AWS Elastic Transcoder is a media transcoding service that converts media files into different formats suitable for various devices and applications. Use-case: Media file conversion.
How can AWS Lambda@Edge extend serverless capabilities?,"AWS Lambda@Edge enables you to run Lambda functions at AWS edge locations, allowing you to customize and enhance content delivery with serverless code. Use-case: Edge computing for web apps."
What is Amazon Elastic MapReduce (EMR)?,Amazon EMR is a managed big data platform that enables you to process vast amounts of data using popular frameworks like Apache Spark and Hadoop. Use-case: Big data processing and analytics.
How does AWS Elemental MediaStore provide media storage?,"AWS Elemental MediaStore is an object storage service optimized for media, offering low latency and high throughput storage for media assets. Use-case: Media file storage and retrieval."
What is AWS IoT Greengrass used for?,"AWS IoT Greengrass extends cloud capabilities to IoT devices, enabling local execution of Lambda functions and messaging with the AWS Cloud. Use-case: Edge computing for IoT devices."
How can Amazon Comprehend Medical analyze healthcare data?,Amazon Comprehend Medical is a specialized version of Amazon Comprehend that can extract relevant medical information from unstructured texts like clinical notes. Use-case: Medical data analysis.
What is AWS Elemental MediaConvert used for in video processing?,"AWS Elemental MediaConvert is used for file-based video transcoding, supporting a wide range of formats, codecs, and customization options. Use-case: Video processing and conversion."
How can AWS DataBrew automate data preparation tasks?,"AWS DataBrew is a visual data preparation tool that helps clean, normalize, and transform data for analysis and machine learning. Use-case: Data cleaning and preparation."
What is Amazon CloudFront Lambda@Edge?,"Amazon CloudFront Lambda@Edge allows you to run Lambda functions in response to CloudFront events, enabling dynamic content customization at the edge. Use-case: Edge-based content personalization."
How does AWS Outposts extend AWS services to on-premises?,"AWS Outposts brings AWS infrastructure and services to your on-premises data center, providing a seamless hybrid cloud experience. Use-case: Hybrid cloud deployment."
What is AWS Amplify used for in web and mobile app development?,AWS Amplify is a development framework that simplifies building scalable and secure web and mobile applications with integrated backend services. Use-case: Mobile app development.
Can you explain Amazon Managed Streaming for Apache Kafka (MSK)?,"Amazon MSK is a fully managed Apache Kafka service, enabling you to build and run applications using real-time streaming data. Use-case: Real-time data processing with Kafka."
How can AWS WAF (Web Application Firewall) protect web apps?,"AWS WAF allows you to control access to your web applications and protect them from common web exploits and attacks, such as SQL injection and cross-site scripting. Use-case: Web app security."
What is AWS Elemental MediaPackage used for in live video?,AWS Elemental MediaPackage delivers live video streams to various devices with just-in-time packaging and encryption for secure and reliable distribution. Use-case: Live video streaming.
How does AWS Personalize enable personalized recommendations?,AWS Personalize uses machine learning algorithms to analyze user behavior and deliver personalized product and content recommendations. Use-case: Personalized product recommendations.
What is AWS PrivateLink?,"AWS PrivateLink enables private connectivity between VPCs and AWS services, removing the need for public IPs and traversing the internet. Use-case: Private and secure data access."
Can you explain AWS Security Hub?,"AWS Security Hub provides a comprehensive view of your security posture, aggregating and prioritizing security findings from various AWS services. Use-case: Cloud security monitoring."
How can AWS Transfer Family simplify file transfer?,"AWS Transfer Family enables secure and scalable file transfer into and out of Amazon S3 using SFTP, FTPS, and FTP protocols. Use-case: Secure file transfer to AWS S3."
What is Amazon Managed Blockchain used for?,Amazon Managed Blockchain allows you to create and manage scalable blockchain networks using popular frameworks like Hyperledger Fabric. Use-case: Blockchain-based applications.
How does Amazon Polly work for text-to-speech?,"Amazon Polly is a service that turns text into lifelike speech, supporting multiple languages and a wide range of voice options. Use-case: Voice-enabled customer support."
What is AWS Key Management Service (KMS)?,AWS Key Management Service is a managed service that allows you to create and control the encryption keys used to secure your data. Use-case: Data encryption and compliance.
How can AWS IoT Analytics process IoT data?,"AWS IoT Analytics provides tools to cleanse, process, enrich, and store IoT data in a scalable and cost-effective manner for analytics and machine learning. Use-case: IoT data analysis."
What is AWS OpsWorks used for?,AWS OpsWorks is a configuration management service that enables you to automate server configuration and deployment of applications. Use-case: Application lifecycle management.
How does Amazon Comprehend analyze text?,"Amazon Comprehend is a natural language processing (NLP) service that can extract insights and relationships from text, including sentiment analysis and entity recognition. Use-case: Social media sentiment analysis."
What is AWS Elemental MediaLive?,AWS Elemental MediaLive is a live video encoding service that allows you to encode high-quality live video streams for delivery to viewers across the globe. Use-case: Live streaming events.
Can you explain AWS RoboMaker's development environment?,AWS RoboMaker development environment provides pre-configured ROS (Robot Operating System) tools for building and testing robotic applications. Use-case: Robot software development.
How can AWS Elastic Beanstalk auto-scale applications?,AWS Elastic Beanstalk can automatically scale the number of EC2 instances based on traffic or other custom metrics to maintain performance and cost efficiency. Use-case: Web app autoscaling.
What is AWS Elemental MediaPackage used for?,AWS Elemental MediaPackage allows you to prepare and protect live video streams for reliable and secure delivery to a broad range of devices. Use-case: Live video content delivery.
How does AWS Direct Connect enhance network connectivity?,"AWS Direct Connect provides a dedicated network connection between your on-premises data center and AWS, improving performance and reducing data transfer costs. Use-case: Hybrid cloud networking."
What is AWS CodeArtifact?,"AWS CodeArtifact is a fully managed artifact repository service that allows you to store, publish, and share software packages and dependencies. Use-case: Package management for development."
Can you explain AWS Elastic Transcoder?,AWS Elastic Transcoder is a media transcoding service that converts media files into different formats suitable for various devices and applications. Use-case: Media file conversion.
How can AWS Lambda@Edge extend serverless capabilities?,"AWS Lambda@Edge enables you to run Lambda functions at AWS edge locations, allowing you to customize and enhance content delivery with serverless code. Use-case: Edge computing for web apps."
What is Amazon Elastic MapReduce (EMR)?,Amazon EMR is a managed big data platform that enables you to process vast amounts of data using popular frameworks like Apache Spark and Hadoop. Use-case: Big data processing and analytics.
How does AWS Elemental MediaStore provide media storage?,"AWS Elemental MediaStore is an object storage service optimized for media, offering low latency and high throughput storage for media assets. Use-case: Media file storage and retrieval."
What is AWS IoT Greengrass used for?,"AWS IoT Greengrass extends cloud capabilities to IoT devices, enabling local execution of Lambda functions and messaging with the AWS Cloud. Use-case: Edge computing for IoT devices."
How can Amazon Comprehend Medical analyze healthcare data?,Amazon Comprehend Medical is a specialized version of Amazon Comprehend that can extract relevant medical information from unstructured texts like clinical notes. Use-case: Medical data analysis.
What is AWS Elemental MediaConvert used for in video processing?,"AWS Elemental MediaConvert is used for file-based video transcoding, supporting a wide range of formats, codecs, and customization options. Use-case: Video processing and conversion."
How can AWS DataBrew automate data preparation tasks?,"AWS DataBrew is a visual data preparation tool that helps clean, normalize, and transform data for analysis and machine learning. Use-case: Data cleaning and preparation."
What is Amazon CloudFront Lambda@Edge?,"Amazon CloudFront Lambda@Edge allows you to run Lambda functions in response to CloudFront events, enabling dynamic content customization at the edge. Use-case: Edge-based content personalization."
How does AWS Outposts extend AWS services to on-premises?,"AWS Outposts brings AWS infrastructure and services to your on-premises data center, providing a seamless hybrid cloud experience. Use-case: Hybrid cloud deployment."
What is AWS Amplify used for in web and mobile app development?,AWS Amplify is a development framework that simplifies building scalable and secure web and mobile applications with integrated backend services. Use-case: Mobile app development.
Can you explain Amazon Managed Streaming for Apache Kafka (MSK)?,"Amazon MSK is a fully managed Apache Kafka service, enabling you to build and run applications using real-time streaming data. Use-case: Real-time data processing with Kafka."
How can AWS WAF (Web Application Firewall) protect web apps?,"AWS WAF allows you to control access to your web applications and protect them from common web exploits and attacks, such as SQL injection and cross-site scripting. Use-case: Web app security."
What is AWS Elemental MediaPackage used for in live video?,AWS Elemental MediaPackage delivers live video streams to various devices with just-in-time packaging and encryption for secure and reliable distribution. Use-case: Live video streaming.
How does AWS Personalize enable personalized recommendations?,AWS Personalize uses machine learning algorithms to analyze user behavior and deliver personalized product and content recommendations. Use-case: Personalized product recommendations.
What is AWS PrivateLink?,"AWS PrivateLink enables private connectivity between VPCs and AWS services, removing the need for public IPs and traversing the internet. Use-case: Private and secure data access."
Can you explain AWS Security Hub?,"AWS Security Hub provides a comprehensive view of your security posture, aggregating and prioritizing security findings from various AWS services. Use-case: Cloud security monitoring."
How can AWS Transfer Family simplify file transfer?,"AWS Transfer Family enables secure and scalable file transfer into and out of Amazon S3 using SFTP, FTPS, and FTP protocols. Use-case: Secure file transfer to AWS S3."
What is Amazon Managed Blockchain used for?,Amazon Managed Blockchain allows you to create and manage scalable blockchain networks using popular frameworks like Hyperledger Fabric. Use-case: Blockchain-based applications.
How does Amazon Polly work for text-to-speech?,"Amazon Polly is a service that turns text into lifelike speech, supporting multiple languages and a wide range of voice options. Use-case: Voice-enabled customer support."
What is AWS Key Management Service (KMS)?,AWS Key Management Service is a managed service that allows you to create and control the encryption keys used to secure your data. Use-case: Data encryption and compliance.
How can AWS IoT Analytics process IoT data?,"AWS IoT Analytics provides tools to cleanse, process, enrich, and store IoT data in a scalable and cost-effective manner for analytics and machine learning. Use-case: IoT data analysis."
What is AWS OpsWorks used for?,AWS OpsWorks is a configuration management service that enables you to automate server configuration and deployment of applications. Use-case: Application lifecycle management.
How does Amazon Comprehend analyze text?,"Amazon Comprehend is a natural language processing (NLP) service that can extract insights and relationships from text, including sentiment analysis and entity recognition. Use-case: Social media sentiment analysis."
What is AWS Elemental MediaLive?,AWS Elemental MediaLive is a live video encoding service that allows you to encode high-quality live video streams for delivery to viewers across the globe. Use-case: Live streaming events.
Can you explain AWS RoboMaker's development environment?,AWS RoboMaker development environment provides pre-configured ROS (Robot Operating System) tools for building and testing robotic applications. Use-case: Robot software development.
How can AWS Elastic Beanstalk auto-scale applications?,AWS Elastic Beanstalk can automatically scale the number of EC2 instances based on traffic or other custom metrics to maintain performance and cost efficiency. Use-case: Web app autoscaling.
What is AWS Elemental MediaPackage used for?,AWS Elemental MediaPackage allows you to prepare and protect live video streams for reliable and secure delivery to a broad range of devices. Use-case: Live video content delivery.
How does AWS Direct Connect enhance network connectivity?,"AWS Direct Connect provides a dedicated network connection between your on-premises data center and AWS, improving performance and reducing data transfer costs. Use-case: Hybrid cloud networking."
What is AWS CodeArtifact?,"AWS CodeArtifact is a fully managed artifact repository service that allows you to store, publish, and share software packages and dependencies. Use-case: Package management for development."
Can you explain AWS Elastic Transcoder?,AWS Elastic Transcoder is a media transcoding service that converts media files into different formats suitable for various devices and applications. Use-case: Media file conversion.
How can AWS Lambda@Edge extend serverless capabilities?,"AWS Lambda@Edge enables you to run Lambda functions at AWS edge locations, allowing you to customize and enhance content delivery with serverless code. Use-case: Edge computing for web apps."
What is Amazon Elastic MapReduce (EMR)?,Amazon EMR is a managed big data platform that enables you to process vast amounts of data using popular frameworks like Apache Spark and Hadoop. Use-case: Big data processing and analytics.
How does AWS Elemental MediaStore provide media storage?,"AWS Elemental MediaStore is an object storage service optimized for media, offering low latency and high throughput storage for media assets. Use-case: Media file storage and retrieval."
What is AWS IoT Greengrass used for?,"AWS IoT Greengrass extends cloud capabilities to IoT devices, enabling local execution of Lambda functions and messaging with the AWS Cloud. Use-case: Edge computing for IoT devices."
How can Amazon Comprehend Medical analyze healthcare data?,Amazon Comprehend Medical is a specialized version of Amazon Comprehend that can extract relevant medical information from unstructured texts like clinical notes. Use-case: Medical data analysis.
What is AWS Elemental MediaConvert used for in video processing?,"AWS Elemental MediaConvert is used for file-based video transcoding, supporting a wide range of formats, codecs, and customization options. Use-case: Video processing and conversion."
How can AWS DataBrew automate data preparation tasks?,"AWS DataBrew is a visual data preparation tool that helps clean, normalize, and transform data for analysis and machine learning. Use-case: Data cleaning and preparation."
What is Amazon CloudFront Lambda@Edge?,"Amazon CloudFront Lambda@Edge allows you to run Lambda functions in response to CloudFront events, enabling dynamic content customization at the edge. Use-case: Edge-based content personalization."
How does AWS Outposts extend AWS services to on-premises?,"AWS Outposts brings AWS infrastructure and services to your on-premises data center, providing a seamless hybrid cloud experience. Use-case: Hybrid cloud deployment."
What is AWS Amplify used for in web and mobile app development?,AWS Amplify is a development framework that simplifies building scalable and secure web and mobile applications with integrated backend services. Use-case: Mobile app development.
Can you explain Amazon Managed Streaming for Apache Kafka (MSK)?,"Amazon MSK is a fully managed Apache Kafka service, enabling you to build and run applications using real-time streaming data. Use-case: Real-time data processing with Kafka."
How can AWS WAF (Web Application Firewall) protect web apps?,"AWS WAF allows you to control access to your web applications and protect them from common web exploits and attacks, such as SQL injection and cross-site scripting. Use-case: Web app security."
What is AWS Elemental MediaPackage used for in live video?,AWS Elemental MediaPackage delivers live video streams to various devices with just-in-time packaging and encryption for secure and reliable distribution. Use-case: Live video streaming.
How does AWS Personalize enable personalized recommendations?,AWS Personalize uses machine learning algorithms to analyze user behavior and deliver personalized product and content recommendations. Use-case: Personalized product recommendations.
What is AWS PrivateLink?,"AWS PrivateLink enables private connectivity between VPCs and AWS services, removing the need for public IPs and traversing the internet. Use-case: Private and secure data access."
Can you explain AWS Security Hub?,"AWS Security Hub provides a comprehensive view of your security posture, aggregating and prioritizing security findings from various AWS services. Use-case: Cloud security monitoring."
How can AWS Transfer Family simplify file transfer?,"AWS Transfer Family enables secure and scalable file transfer into and out of Amazon S3 using SFTP, FTPS, and FTP protocols. Use-case: Secure file transfer to AWS S3."
What is Amazon Managed Blockchain used for?,Amazon Managed Blockchain allows you to create and manage scalable blockchain networks using popular frameworks like Hyperledger Fabric. Use-case: Blockchain-based applications.
How does Amazon Polly work for text-to-speech?,"Amazon Polly is a service that turns text into lifelike speech, supporting multiple languages and a wide range of voice options. Use-case: Voice-enabled customer support."
What is AWS Key Management Service (KMS)?,AWS Key Management Service is a managed service that allows you to create and control the encryption keys used to secure your data. Use-case: Data encryption and compliance.
How can AWS IoT Analytics process IoT data?,"AWS IoT Analytics provides tools to cleanse, process, enrich, and store IoT data in a scalable and cost-effective manner for analytics and machine learning. Use-case: IoT data analysis."
What is AWS OpsWorks used for?,AWS OpsWorks is a configuration management service that enables you to automate server configuration and deployment of applications. Use-case: Application lifecycle management.
How does Amazon Comprehend analyze text?,"Amazon Comprehend is a natural language processing (NLP) service that can extract insights and relationships from text, including sentiment analysis and entity recognition. Use-case: Social media sentiment analysis."
What is AWS Elemental MediaLive?,AWS Elemental MediaLive is a live video encoding service that allows you to encode high-quality live video streams for delivery to viewers across the globe. Use-case: Live streaming events.
Can you explain AWS RoboMaker's development environment?,AWS RoboMaker development environment provides pre-configured ROS (Robot Operating System) tools for building and testing robotic applications. Use-case: Robot software development.
How can AWS Elastic Beanstalk auto-scale applications?,AWS Elastic Beanstalk can automatically scale the number of EC2 instances based on traffic or other custom metrics to maintain performance and cost efficiency. Use-case: Web app autoscaling.
What is AWS Elemental MediaPackage used for?,AWS Elemental MediaPackage allows you to prepare and protect live video streams for reliable and secure delivery to a broad range of devices. Use-case: Live video content delivery.
How does AWS Direct Connect enhance network connectivity?,"AWS Direct Connect provides a dedicated network connection between your on-premises data center and AWS, improving performance and reducing data transfer costs. Use-case: Hybrid cloud networking."
What is AWS CodeArtifact?,"AWS CodeArtifact is a fully managed artifact repository service that allows you to store, publish, and share software packages and dependencies. Use-case: Package management for development."
Can you explain AWS Elastic Transcoder?,AWS Elastic Transcoder is a media transcoding service that converts media files into different formats suitable for various devices and applications. Use-case: Media file conversion.
How can AWS Lambda@Edge extend serverless capabilities?,"AWS Lambda@Edge enables you to run Lambda functions at AWS edge locations, allowing you to customize and enhance content delivery with serverless code. Use-case: Edge computing for web apps."
What is Amazon Elastic MapReduce (EMR)?,Amazon EMR is a managed big data platform that enables you to process vast amounts of data using popular frameworks like Apache Spark and Hadoop. Use-case: Big data processing and analytics.
How does AWS Elemental MediaStore provide media storage?,"AWS Elemental MediaStore is an object storage service optimized for media, offering low latency and high throughput storage for media assets. Use-case: Media file storage and retrieval."
What is AWS IoT Greengrass used for?,"AWS IoT Greengrass extends cloud capabilities to IoT devices, enabling local execution of Lambda functions and messaging with the AWS Cloud. Use-case: Edge computing for IoT devices."
How can Amazon Comprehend Medical analyze healthcare data?,Amazon Comprehend Medical is a specialized version of Amazon Comprehend that can extract relevant medical information from unstructured texts like clinical notes. Use-case: Medical data analysis.
What is AWS Elemental MediaConvert used for in video processing?,"AWS Elemental MediaConvert is used for file-based video transcoding, supporting a wide range of formats, codecs, and customization options. Use-case: Video processing and conversion."
How can AWS DataBrew automate data preparation tasks?,"AWS DataBrew is a visual data preparation tool that helps clean, normalize, and transform data for analysis and machine learning. Use-case: Data cleaning and preparation."
What is Amazon CloudFront Lambda@Edge?,"Amazon CloudFront Lambda@Edge allows you to run Lambda functions in response to CloudFront events, enabling dynamic content customization at the edge. Use-case: Edge-based content personalization."
How does AWS Outposts extend AWS services to on-premises?,"AWS Outposts brings AWS infrastructure and services to your on-premises data center, providing a seamless hybrid cloud experience. Use-case: Hybrid cloud deployment."
What is AWS Amplify used for in web and mobile app development?,AWS Amplify is a development framework that simplifies building scalable and secure web and mobile applications with integrated backend services. Use-case: Mobile app development.
Can you explain Amazon Managed Streaming for Apache Kafka (MSK)?,"Amazon MSK is a fully managed Apache Kafka service, enabling you to build and run applications using real-time streaming data. Use-case: Real-time data processing with Kafka."
How can AWS WAF (Web Application Firewall) protect web apps?,"AWS WAF allows you to control access to your web applications and protect them from common web exploits and attacks, such as SQL injection and cross-site scripting. Use-case: Web app security."
What is AWS Elemental MediaPackage used for in live video?,AWS Elemental MediaPackage delivers live video streams to various devices with just-in-time packaging and encryption for secure and reliable distribution. Use-case: Live video streaming.
How does AWS Personalize enable personalized recommendations?,AWS Personalize uses machine learning algorithms to analyze user behavior and deliver personalized product and content recommendations. Use-case: Personalized product recommendations.
What is AWS PrivateLink?,"AWS PrivateLink enables private connectivity between VPCs and AWS services, removing the need for public IPs and traversing the internet. Use-case: Private and secure data access."
Can you explain AWS Security Hub?,"AWS Security Hub provides a comprehensive view of your security posture, aggregating and prioritizing security findings from various AWS services. Use-case: Cloud security monitoring."
How can AWS Transfer Family simplify file transfer?,"AWS Transfer Family enables secure and scalable file transfer into and out of Amazon S3 using SFTP, FTPS, and FTP protocols. Use-case: Secure file transfer to AWS S3."
What is Amazon Managed Blockchain used for?,Amazon Managed Blockchain allows you to create and manage scalable blockchain networks using popular frameworks like Hyperledger Fabric. Use-case: Blockchain-based applications.
How does Amazon Polly work for text-to-speech?,"Amazon Polly is a service that turns text into lifelike speech, supporting multiple languages and a wide range of voice options. Use-case: Voice-enabled customer support."
What is AWS Key Management Service (KMS)?,AWS Key Management Service is a managed service that allows you to create and control the encryption keys used to secure your data. Use-case: Data encryption and compliance.
How can AWS IoT Analytics process IoT data?,"AWS IoT Analytics provides tools to cleanse, process, enrich, and store IoT data in a scalable and cost-effective manner for analytics and machine learning. Use-case: IoT data analysis."
What is AWS OpsWorks used for?,AWS OpsWorks is a configuration management service that enables you to automate server configuration and deployment of applications. Use-case: Application lifecycle management.
How does Amazon Comprehend analyze text?,"Amazon Comprehend is a natural language processing (NLP) service that can extract insights and relationships from text, including sentiment analysis and entity recognition. Use-case: Social media sentiment analysis."
What is AWS Elemental MediaLive?,AWS Elemental MediaLive is a live video encoding service that allows you to encode high-quality live video streams for delivery to viewers across the globe. Use-case: Live streaming events.
Can you explain AWS RoboMaker's development environment?,AWS RoboMaker development environment provides pre-configured ROS (Robot Operating System) tools for building and testing robotic applications. Use-case: Robot software development.
How can AWS Elastic Beanstalk auto-scale applications?,AWS Elastic Beanstalk can automatically scale the number of EC2 instances based on traffic or other custom metrics to maintain performance and cost efficiency. Use-case: Web app autoscaling.
What is AWS Elemental MediaPackage used for?,AWS Elemental MediaPackage allows you to prepare and protect live video streams for reliable and secure delivery to a broad range of devices. Use-case: Live video content delivery.
How does AWS Direct Connect enhance network connectivity?,"AWS Direct Connect provides a dedicated network connection between your on-premises data center and AWS, improving performance and reducing data transfer costs. Use-case: Hybrid cloud networking."
What is AWS CodeArtifact?,"AWS CodeArtifact is a fully managed artifact repository service that allows you to store, publish, and share software packages and dependencies. Use-case: Package management for development."
Can you explain AWS Elastic Transcoder?,AWS Elastic Transcoder is a media transcoding service that converts media files into different formats suitable for various devices and applications. Use-case: Media file conversion.
How can AWS Lambda@Edge extend serverless capabilities?,"AWS Lambda@Edge enables you to run Lambda functions at AWS edge locations, allowing you to customize and enhance content delivery with serverless code. Use-case: Edge computing for web apps."
What is Amazon Elastic MapReduce (EMR)?,Amazon EMR is a managed big data platform that enables you to process vast amounts of data using popular frameworks like Apache Spark and Hadoop. Use-case: Big data processing and analytics.
How does AWS Elemental MediaStore provide media storage?,"AWS Elemental MediaStore is an object storage service optimized for media, offering low latency and high throughput storage for media assets. Use-case: Media file storage and retrieval."
What is AWS IoT Greengrass used for?,"AWS IoT Greengrass extends cloud capabilities to IoT devices, enabling local execution of Lambda functions and messaging with the AWS Cloud. Use-case: Edge computing for IoT devices."
How can Amazon Comprehend Medical analyze healthcare data?,Amazon Comprehend Medical is a specialized version of Amazon Comprehend that can extract relevant medical information from unstructured texts like clinical notes. Use-case: Medical data analysis.
What is AWS Elemental MediaConvert used for in video processing?,"AWS Elemental MediaConvert is used for file-based video transcoding, supporting a wide range of formats, codecs, and customization options. Use-case: Video processing and conversion."
How can AWS DataBrew automate data preparation tasks?,"AWS DataBrew is a visual data preparation tool that helps clean, normalize, and transform data for analysis and machine learning. Use-case: Data cleaning and preparation."
What is Amazon CloudFront Lambda@Edge?,"Amazon CloudFront Lambda@Edge allows you to run Lambda functions in response to CloudFront events, enabling dynamic content customization at the edge. Use-case: Edge-based content personalization."
How does AWS Outposts extend AWS services to on-premises?,"AWS Outposts brings AWS infrastructure and services to your on-premises data center, providing a seamless hybrid cloud experience. Use-case: Hybrid cloud deployment."
What is AWS Amplify used for in web and mobile app development?,AWS Amplify is a development framework that simplifies building scalable and secure web and mobile applications with integrated backend services. Use-case: Mobile app development.
Can you explain Amazon Managed Streaming for Apache Kafka (MSK)?,"Amazon MSK is a fully managed Apache Kafka service, enabling you to build and run applications using real-time streaming data. Use-case: Real-time data processing with Kafka."
How can AWS WAF (Web Application Firewall) protect web apps?,"AWS WAF allows you to control access to your web applications and protect them from common web exploits and attacks, such as SQL injection and cross-site scripting. Use-case: Web app security."
What is AWS Elemental MediaPackage used for in live video?,AWS Elemental MediaPackage delivers live video streams to various devices with just-in-time packaging and encryption for secure and reliable distribution. Use-case: Live video streaming.
How does AWS Personalize enable personalized recommendations?,AWS Personalize uses machine learning algorithms to analyze user behavior and deliver personalized product and content recommendations. Use-case: Personalized product recommendations.
What is AWS PrivateLink?,"AWS PrivateLink enables private connectivity between VPCs and AWS services, removing the need for public IPs and traversing the internet. Use-case: Private and secure data access."
Can you explain AWS Security Hub?,"AWS Security Hub provides a comprehensive view of your security posture, aggregating and prioritizing security findings from various AWS services. Use-case: Cloud security monitoring."
How can AWS Transfer Family simplify file transfer?,"AWS Transfer Family enables secure and scalable file transfer into and out of Amazon S3 using SFTP, FTPS, and FTP protocols. Use-case: Secure file transfer to AWS S3."
What is Amazon Managed Blockchain used for?,Amazon Managed Blockchain allows you to create and manage scalable blockchain networks using popular frameworks like Hyperledger Fabric. Use-case: Blockchain-based applications.
How does Amazon Polly work for text-to-speech?,"Amazon Polly is a service that turns text into lifelike speech, supporting multiple languages and a wide range of voice options. Use-case: Voice-enabled customer support."
What is AWS Key Management Service (KMS)?,AWS Key Management Service is a managed service that allows you to create and control the encryption keys used to secure your data. Use-case: Data encryption and compliance.
How can AWS IoT Analytics process IoT data?,"AWS IoT Analytics provides tools to cleanse, process, enrich, and store IoT data in a scalable and cost-effective manner for analytics and machine learning. Use-case: IoT data analysis."
What is AWS OpsWorks used for?,AWS OpsWorks is a configuration management service that enables you to automate server configuration and deployment of applications. Use-case: Application lifecycle management.
How does Amazon Comprehend analyze text?,"Amazon Comprehend is a natural language processing (NLP) service that can extract insights and relationships from text, including sentiment analysis and entity recognition. Use-case: Social media sentiment analysis."
What is AWS Elemental MediaLive?,AWS Elemental MediaLive is a live video encoding service that allows you to encode high-quality live video streams for delivery to viewers across the globe. Use-case: Live streaming events.
Can you explain AWS RoboMaker's development environment?,AWS RoboMaker development environment provides pre-configured ROS (Robot Operating System) tools for building and testing robotic applications. Use-case: Robot software development.
How can AWS Elastic Beanstalk auto-scale applications?,AWS Elastic Beanstalk can automatically scale the number of EC2 instances based on traffic or other custom metrics to maintain performance and cost efficiency. Use-case: Web app autoscaling.
What is AWS Elemental MediaPackage used for?,AWS Elemental MediaPackage allows you to prepare and protect live video streams for reliable and secure delivery to a broad range of devices. Use-case: Live video content delivery.
How does AWS Direct Connect enhance network connectivity?,"AWS Direct Connect provides a dedicated network connection between your on-premises data center and AWS, improving performance and reducing data transfer costs. Use-case: Hybrid cloud networking."
What is AWS CodeArtifact?,"AWS CodeArtifact is a fully managed artifact repository service that allows you to store, publish, and share software packages and dependencies. Use-case: Package management for development."
Can you explain AWS Elastic Transcoder?,AWS Elastic Transcoder is a media transcoding service that converts media files into different formats suitable for various devices and applications. Use-case: Media file conversion.
How can AWS Lambda@Edge extend serverless capabilities?,"AWS Lambda@Edge enables you to run Lambda functions at AWS edge locations, allowing you to customize and enhance content delivery with serverless code. Use-case: Edge computing for web apps."
What is Amazon Elastic MapReduce (EMR)?,Amazon EMR is a managed big data platform that enables you to process vast amounts of data using popular frameworks like Apache Spark and Hadoop. Use-case: Big data processing and analytics.
How does AWS Elemental MediaStore provide media storage?,"AWS Elemental MediaStore is an object storage service optimized for media, offering low latency and high throughput storage for media assets. Use-case: Media file storage and retrieval."
What is AWS IoT Greengrass used for?,"AWS IoT Greengrass extends cloud capabilities to IoT devices, enabling local execution of Lambda functions and messaging with the AWS Cloud. Use-case: Edge computing for IoT devices."
How can Amazon Comprehend Medical analyze healthcare data?,Amazon Comprehend Medical is a specialized version of Amazon Comprehend that can extract relevant medical information from unstructured texts like clinical notes. Use-case: Medical data analysis.
What is AWS Elemental MediaConvert used for in video processing?,"AWS Elemental MediaConvert is used for file-based video transcoding, supporting a wide range of formats, codecs, and customization options. Use-case: Video processing and conversion."
How can AWS DataBrew automate data preparation tasks?,"AWS DataBrew is a visual data preparation tool that helps clean, normalize, and transform data for analysis and machine learning. Use-case: Data cleaning and preparation."
What is Amazon CloudFront Lambda@Edge?,"Amazon CloudFront Lambda@Edge allows you to run Lambda functions in response to CloudFront events, enabling dynamic content customization at the edge. Use-case: Edge-based content personalization."
How does AWS Outposts extend AWS services to on-premises?,"AWS Outposts brings AWS infrastructure and services to your on-premises data center, providing a seamless hybrid cloud experience. Use-case: Hybrid cloud deployment."
What is AWS Amplify used for in web and mobile app development?,AWS Amplify is a development framework that simplifies building scalable and secure web and mobile applications with integrated backend services. Use-case: Mobile app development.
Can you explain Amazon Managed Streaming for Apache Kafka (MSK)?,"Amazon MSK is a fully managed Apache Kafka service, enabling you to build and run applications using real-time streaming data. Use-case: Real-time data processing with Kafka."
How can AWS WAF (Web Application Firewall) protect web apps?,"AWS WAF allows you to control access to your web applications and protect them from common web exploits and attacks, such as SQL injection and cross-site scripting. Use-case: Web app security."
What is AWS Elemental MediaPackage used for in live video?,AWS Elemental MediaPackage delivers live video streams to various devices with just-in-time packaging and encryption for secure and reliable distribution. Use-case: Live video streaming.
How does AWS Personalize enable personalized recommendations?,AWS Personalize uses machine learning algorithms to analyze user behavior and deliver personalized product and content recommendations. Use-case: Personalized product recommendations.
What is AWS PrivateLink?,"AWS PrivateLink enables private connectivity between VPCs and AWS services, removing the need for public IPs and traversing the internet. Use-case: Private and secure data access."
Can you explain AWS Security Hub?,"AWS Security Hub provides a comprehensive view of your security posture, aggregating and prioritizing security findings from various AWS services. Use-case: Cloud security monitoring."
How can AWS Transfer Family simplify file transfer?,"AWS Transfer Family enables secure and scalable file transfer into and out of Amazon S3 using SFTP, FTPS, and FTP protocols. Use-case: Secure file transfer to AWS S3."
What is Amazon Managed Blockchain used for?,Amazon Managed Blockchain allows you to create and manage scalable blockchain networks using popular frameworks like Hyperledger Fabric. Use-case: Blockchain-based applications.
How does Amazon Polly work for text-to-speech?,"Amazon Polly is a service that turns text into lifelike speech, supporting multiple languages and a wide range of voice options. Use-case: Voice-enabled customer support."
What is AWS Key Management Service (KMS)?,AWS Key Management Service is a managed service that allows you to create and control the encryption keys used to secure your data. Use-case: Data encryption and compliance.
How can AWS IoT Analytics process IoT data?,"AWS IoT Analytics provides tools to cleanse, process, enrich, and store IoT data in a scalable and cost-effective manner for analytics and machine learning. Use-case: IoT data analysis."
What is AWS OpsWorks used for?,AWS OpsWorks is a configuration management service that enables you to automate server configuration and deployment of applications. Use-case: Application lifecycle management.
How does Amazon Comprehend analyze text?,"Amazon Comprehend is a natural language processing (NLP) service that can extract insights and relationships from text, including sentiment analysis and entity recognition. Use-case: Social media sentiment analysis."
What is AWS Elemental MediaLive?,AWS Elemental MediaLive is a live video encoding service that allows you to encode high-quality live video streams for delivery to viewers across the globe. Use-case: Live streaming events.
Can you explain AWS RoboMaker's development environment?,AWS RoboMaker development environment provides pre-configured ROS (Robot Operating System) tools for building and testing robotic applications. Use-case: Robot software development.
How can AWS Elastic Beanstalk auto-scale applications?,AWS Elastic Beanstalk can automatically scale the number of EC2 instances based on traffic or other custom metrics to maintain performance and cost efficiency. Use-case: Web app autoscaling.
What is AWS Elemental MediaPackage used for?,AWS Elemental MediaPackage allows you to prepare and protect live video streams for reliable and secure delivery to a broad range of devices. Use-case: Live video content delivery.
How does AWS Direct Connect enhance network connectivity?,"AWS Direct Connect provides a dedicated network connection between your on-premises data center and AWS, improving performance and reducing data transfer costs. Use-case: Hybrid cloud networking."
What is AWS CodeArtifact?,"AWS CodeArtifact is a fully managed artifact repository service that allows you to store, publish, and share software packages and dependencies. Use-case: Package management for development."
Can you explain AWS Elastic Transcoder?,AWS Elastic Transcoder is a media transcoding service that converts media files into different formats suitable for various devices and applications. Use-case: Media file conversion.
How can AWS Lambda@Edge extend serverless capabilities?,"AWS Lambda@Edge enables you to run Lambda functions at AWS edge locations, allowing you to customize and enhance content delivery with serverless code. Use-case: Edge computing for web apps."
What is Amazon Elastic MapReduce (EMR)?,Amazon EMR is a managed big data platform that enables you to process vast amounts of data using popular frameworks like Apache Spark and Hadoop. Use-case: Big data processing and analytics.
How does AWS Elemental MediaStore provide media storage?,"AWS Elemental MediaStore is an object storage service optimized for media, offering low latency and high throughput storage for media assets. Use-case: Media file storage and retrieval."
What is AWS IoT Greengrass used for?,"AWS IoT Greengrass extends cloud capabilities to IoT devices, enabling local execution of Lambda functions and messaging with the AWS Cloud. Use-case: Edge computing for IoT devices."
How can Amazon Comprehend Medical analyze healthcare data?,Amazon Comprehend Medical is a specialized version of Amazon Comprehend that can extract relevant medical information from unstructured texts like clinical notes. Use-case: Medical data analysis.
What is AWS Elemental MediaConvert used for in video processing?,"AWS Elemental MediaConvert is used for file-based video transcoding, supporting a wide range of formats, codecs, and customization options. Use-case: Video processing and conversion."
How can AWS DataBrew automate data preparation tasks?,"AWS DataBrew is a visual data preparation tool that helps clean, normalize, and transform data for analysis and machine learning. Use-case: Data cleaning and preparation."
What is Amazon CloudFront Lambda@Edge?,"Amazon CloudFront Lambda@Edge allows you to run Lambda functions in response to CloudFront events, enabling dynamic content customization at the edge. Use-case: Edge-based content personalization."
